{
  "fio version" : "fio-3.42-29-gd569",
  "timestamp" : 1780190864,
  "timestamp_ms" : 1780190864037,
  "time" : "Sun May 31 10:27:44 2026",
  "jobs" : [
    {
      "jobname" : "dirty_test",
      "groupid" : 0,
      "job_start" : 1780190853889,
      "error" : 0,
      "eta" : 0,
      "elapsed" : 11,
      "job options" : {
        "name" : "dirty_test",
        "filename" : "/dev/ramblk0",
        "ioengine" : "io_uring",
        "iodepth" : "32",
        "direct" : "1",
        "rw" : "randrw",
        "rwmixwrite" : "50",
        "bs" : "4k",
        "size" : "16M",
        "time_based" : "",
        "runtime" : "10"
      },
      "read" : {
        "io_bytes" : 12536512512,
        "io_kbytes" : 12242688,
        "bw_bytes" : 1253525898,
        "bw" : 1224146,
        "iops" : 306036.596340,
        "runtime" : 10001,
        "total_ios" : 3060672,
        "short_ios" : 0,
        "drop_ios" : 0,
        "slat_ns" : {
          "min" : 786,
          "max" : 101589,
          "mean" : 961.114992,
          "stddev" : 399.412817,
          "N" : 3060672
        },
        "clat_ns" : {
          "min" : 36484,
          "max" : 589978,
          "mean" : 50877.028964,
          "stddev" : 5744.227702,
          "N" : 3060672,
          "percentile" : {
            "1.000000" : 44288,
            "5.000000" : 45824,
            "10.000000" : 46848,
            "20.000000" : 47872,
            "30.000000" : 48896,
            "40.000000" : 49408,
            "50.000000" : 50432,
            "60.000000" : 50944,
            "70.000000" : 51968,
            "80.000000" : 52992,
            "90.000000" : 54528,
            "95.000000" : 56064,
            "99.000000" : 70144,
            "99.500000" : 88576,
            "99.900000" : 100864,
            "99.950000" : 126464,
            "99.990000" : 173056
          }
        },
        "lat_ns" : {
          "min" : 37378,
          "max" : 591413,
          "mean" : 51838.143956,
          "stddev" : 5763.742274,
          "N" : 3060672
        },
        "bw_min" : 1185424,
        "bw_max" : 1238200,
        "bw_agg" : 100.000000,
        "bw_mean" : 1224268.400000,
        "bw_dev" : 13045.203089,
        "bw_samples" : 20,
        "iops_min" : 296356,
        "iops_max" : 309550,
        "iops_mean" : 306067.200000,
        "iops_stddev" : 3261.357961,
        "iops_samples" : 20
      },
      "write" : {
        "io_bytes" : 12530765824,
        "io_kbytes" : 12237076,
        "bw_bytes" : 1252951287,
        "bw" : 1223585,
        "iops" : 305896.310369,
        "runtime" : 10001,
        "total_ios" : 3059269,
        "short_ios" : 0,
        "drop_ios" : 0,
        "slat_ns" : {
          "min" : 799,
          "max" : 311146,
          "mean" : 1079.520269,
          "stddev" : 471.160471,
          "N" : 3059269
        },
        "clat_ns" : {
          "min" : 36369,
          "max" : 588621,
          "mean" : 51220.141567,
          "stddev" : 5639.732111,
          "N" : 3059269,
          "percentile" : {
            "1.000000" : 44800,
            "5.000000" : 46336,
            "10.000000" : 47360,
            "20.000000" : 48384,
            "30.000000" : 48896,
            "40.000000" : 49920,
            "50.000000" : 50432,
            "60.000000" : 51456,
            "70.000000" : 52480,
            "80.000000" : 53504,
            "90.000000" : 55040,
            "95.000000" : 56576,
            "99.000000" : 70144,
            "99.500000" : 89600,
            "99.900000" : 100864,
            "99.950000" : 124416,
            "99.990000" : 171008
          }
        },
        "lat_ns" : {
          "min" : 37303,
          "max" : 603568,
          "mean" : 52299.661836,
          "stddev" : 5666.837741,
          "N" : 3059269
        },
        "bw_min" : 1182592,
        "bw_max" : 1238856,
        "bw_agg" : 100.000000,
        "bw_mean" : 1223707.600000,
        "bw_dev" : 14116.402816,
        "bw_samples" : 20,
        "iops_min" : 295648,
        "iops_max" : 309714,
        "iops_mean" : 305926.900000,
        "iops_stddev" : 3529.100704,
        "iops_samples" : 20
      },
      "trim" : {
        "io_bytes" : 0,
        "io_kbytes" : 0,
        "bw_bytes" : 0,
        "bw" : 0,
        "iops" : 0.000000,
        "runtime" : 0,
        "total_ios" : 0,
        "short_ios" : 0,
        "drop_ios" : 0,
        "slat_ns" : {
          "min" : 0,
          "max" : 0,
          "mean" : 0.000000,
          "stddev" : 0.000000,
          "N" : 0
        },
        "clat_ns" : {
          "min" : 0,
          "max" : 0,
          "mean" : 0.000000,
          "stddev" : 0.000000,
          "N" : 0
        },
        "lat_ns" : {
          "min" : 0,
          "max" : 0,
          "mean" : 0.000000,
          "stddev" : 0.000000,
          "N" : 0
        },
        "bw_min" : 0,
        "bw_max" : 0,
        "bw_agg" : 0.000000,
        "bw_mean" : 0.000000,
        "bw_dev" : 0.000000,
        "bw_samples" : 0,
        "iops_min" : 0,
        "iops_max" : 0,
        "iops_mean" : 0.000000,
        "iops_stddev" : 0.000000,
        "iops_samples" : 0
      },
      "sync" : {
        "total_ios" : 0,
        "lat_ns" : {
          "min" : 0,
          "max" : 0,
          "mean" : 0.000000,
          "stddev" : 0.000000,
          "N" : 0
        }
      },
      "job_runtime" : 10000,
      "usr_cpu" : 46.640000,
      "sys_cpu" : 51.040000,
      "ctx" : 125187,
      "majf" : 0,
      "minf" : 8,
      "iodepth_level" : {
        "1" : 0.100000,
        "2" : 0.100000,
        "4" : 0.100000,
        "8" : 0.100000,
        "16" : 0.100000,
        "32" : 99.999493,
        ">=64" : 0.000000
      },
      "iodepth_submit" : {
        "0" : 0.000000,
        "4" : 100.000000,
        "8" : 0.000000,
        "16" : 0.000000,
        "32" : 0.000000,
        "64" : 0.000000,
        ">=64" : 0.000000
      },
      "iodepth_complete" : {
        "0" : 0.000000,
        "4" : 99.999984,
        "8" : 0.000000,
        "16" : 0.000000,
        "32" : 0.100000,
        "64" : 0.000000,
        ">=64" : 0.000000
      },
      "latency_ns" : {
        "2" : 0.000000,
        "4" : 0.000000,
        "10" : 0.000000,
        "20" : 0.000000,
        "50" : 0.000000,
        "100" : 0.000000,
        "250" : 0.000000,
        "500" : 0.000000,
        "750" : 0.000000,
        "1000" : 0.000000
      },
      "latency_us" : {
        "2" : 0.000000,
        "4" : 0.000000,
        "10" : 0.000000,
        "20" : 0.000000,
        "50" : 44.276718,
        "100" : 55.615798,
        "250" : 0.101341,
        "500" : 0.010000,
        "750" : 0.010000,
        "1000" : 0.000000
      },
      "latency_ms" : {
        "2" : 0.000000,
        "4" : 0.000000,
        "10" : 0.000000,
        "20" : 0.000000,
        "50" : 0.000000,
        "100" : 0.000000,
        "250" : 0.000000,
        "500" : 0.000000,
        "750" : 0.000000,
        "1000" : 0.000000,
        "2000" : 0.000000,
        ">=2000" : 0.000000
      },
      "latency_depth" : 32,
      "latency_target" : 0,
      "latency_target_ns" : 0,
      "latency_percentile" : 100.000000,
      "latency_window" : 0,
      "latency_window_us" : 0
    }
  ],
  "disk_util" : [
    {
      "name" : "ramblk0",
      "read_ios" : 0,
      "write_ios" : 0,
      "read_sectors" : 0,
      "write_sectors" : 0,
      "read_merges" : 0,
      "write_merges" : 0,
      "read_ticks" : 0,
      "write_ticks" : 0,
      "in_queue" : 0,
      "util" : 0.000000
    }
  ]
}
