{
  "fio version" : "fio-3.42-29-gd569",
  "timestamp" : 1780190853,
  "timestamp_ms" : 1780190853650,
  "time" : "Sun May 31 10:27:33 2026",
  "jobs" : [
    {
      "jobname" : "fresh_test",
      "groupid" : 0,
      "job_start" : 1780190853501,
      "error" : 0,
      "eta" : 2147483647,
      "elapsed" : 1,
      "job options" : {
        "name" : "fresh_test",
        "filename" : "/dev/ramblk0",
        "ioengine" : "io_uring",
        "iodepth" : "32",
        "direct" : "1",
        "rw" : "randrw",
        "rwmixwrite" : "50",
        "bs" : "4k",
        "size" : "16M"
      },
      "read" : {
        "io_bytes" : 8159232,
        "io_kbytes" : 7968,
        "bw_bytes" : 1165604571,
        "bw" : 1138285,
        "iops" : 284571.428571,
        "runtime" : 7,
        "total_ios" : 1992,
        "short_ios" : 0,
        "drop_ios" : 0,
        "slat_ns" : {
          "min" : 803,
          "max" : 36710,
          "mean" : 1017.425201,
          "stddev" : 831.236127,
          "N" : 1992
        },
        "clat_ns" : {
          "min" : 39872,
          "max" : 132717,
          "mean" : 50219.475402,
          "stddev" : 8155.644971,
          "N" : 1992,
          "percentile" : {
            "1.000000" : 40704,
            "5.000000" : 43776,
            "10.000000" : 44800,
            "20.000000" : 45824,
            "30.000000" : 47360,
            "40.000000" : 48384,
            "50.000000" : 49408,
            "60.000000" : 50432,
            "70.000000" : 51456,
            "80.000000" : 52480,
            "90.000000" : 54528,
            "95.000000" : 56064,
            "99.000000" : 104960,
            "99.500000" : 115200,
            "99.900000" : 132096,
            "99.950000" : 132096,
            "99.990000" : 132096
          }
        },
        "lat_ns" : {
          "min" : 40935,
          "max" : 133739,
          "mean" : 51236.900602,
          "stddev" : 8207.713109,
          "N" : 1992
        },
        "bw_min" : 0,
        "bw_max" : 0,
        "bw_agg" : 0.000000,
        "bw_mean" : 0.000000,
        "bw_dev" : 0.000000,
        "bw_samples" : 0,
        "iops_min" : 0,
        "iops_max" : 0,
        "iops_mean" : 0.000000,
        "iops_stddev" : 0.000000,
        "iops_samples" : 0
      },
      "write" : {
        "io_bytes" : 8617984,
        "io_kbytes" : 8416,
        "bw_bytes" : 1231140571,
        "bw" : 1202285,
        "iops" : 300571.428571,
        "runtime" : 7,
        "total_ios" : 2104,
        "short_ios" : 0,
        "drop_ios" : 0,
        "slat_ns" : {
          "min" : 823,
          "max" : 4873,
          "mean" : 1109.385456,
          "stddev" : 190.219547,
          "N" : 2104
        },
        "clat_ns" : {
          "min" : 39913,
          "max" : 137004,
          "mean" : 50752.242871,
          "stddev" : 9806.211375,
          "N" : 2104,
          "percentile" : {
            "1.000000" : 40704,
            "5.000000" : 43776,
            "10.000000" : 44800,
            "20.000000" : 46336,
            "30.000000" : 47360,
            "40.000000" : 48896,
            "50.000000" : 49408,
            "60.000000" : 50432,
            "70.000000" : 51456,
            "80.000000" : 52480,
            "90.000000" : 54528,
            "95.000000" : 57600,
            "99.000000" : 113152,
            "99.500000" : 115200,
            "99.900000" : 134144,
            "99.950000" : 136192,
            "99.990000" : 136192
          }
        },
        "lat_ns" : {
          "min" : 41105,
          "max" : 138392,
          "mean" : 51861.628327,
          "stddev" : 9794.429261,
          "N" : 2104
        },
        "bw_min" : 0,
        "bw_max" : 0,
        "bw_agg" : 0.000000,
        "bw_mean" : 0.000000,
        "bw_dev" : 0.000000,
        "bw_samples" : 0,
        "iops_min" : 0,
        "iops_max" : 0,
        "iops_mean" : 0.000000,
        "iops_stddev" : 0.000000,
        "iops_samples" : 0
      },
      "trim" : {
        "io_bytes" : 0,
        "io_kbytes" : 0,
        "bw_bytes" : 0,
        "bw" : 0,
        "iops" : 0.000000,
        "runtime" : 0,
        "total_ios" : 0,
        "short_ios" : 0,
        "drop_ios" : 0,
        "slat_ns" : {
          "min" : 0,
          "max" : 0,
          "mean" : 0.000000,
          "stddev" : 0.000000,
          "N" : 0
        },
        "clat_ns" : {
          "min" : 0,
          "max" : 0,
          "mean" : 0.000000,
          "stddev" : 0.000000,
          "N" : 0
        },
        "lat_ns" : {
          "min" : 0,
          "max" : 0,
          "mean" : 0.000000,
          "stddev" : 0.000000,
          "N" : 0
        },
        "bw_min" : 0,
        "bw_max" : 0,
        "bw_agg" : 0.000000,
        "bw_mean" : 0.000000,
        "bw_dev" : 0.000000,
        "bw_samples" : 0,
        "iops_min" : 0,
        "iops_max" : 0,
        "iops_mean" : 0.000000,
        "iops_stddev" : 0.000000,
        "iops_samples" : 0
      },
      "sync" : {
        "total_ios" : 0,
        "lat_ns" : {
          "min" : 0,
          "max" : 0,
          "mean" : 0.000000,
          "stddev" : 0.000000,
          "N" : 0
        }
      },
      "job_runtime" : 6,
      "usr_cpu" : 66.666667,
      "sys_cpu" : 16.666667,
      "ctx" : 86,
      "majf" : 0,
      "minf" : 7,
      "iodepth_level" : {
        "1" : 0.100000,
        "2" : 0.100000,
        "4" : 0.100000,
        "8" : 0.195312,
        "16" : 0.390625,
        "32" : 99.243164,
        ">=64" : 0.000000
      },
      "iodepth_submit" : {
        "0" : 0.000000,
        "4" : 100.000000,
        "8" : 0.000000,
        "16" : 0.000000,
        "32" : 0.000000,
        "64" : 0.000000,
        ">=64" : 0.000000
      },
      "iodepth_complete" : {
        "0" : 0.000000,
        "4" : 99.975406,
        "8" : 0.000000,
        "16" : 0.000000,
        "32" : 0.100000,
        "64" : 0.000000,
        ">=64" : 0.000000
      },
      "latency_ns" : {
        "2" : 0.000000,
        "4" : 0.000000,
        "10" : 0.000000,
        "20" : 0.000000,
        "50" : 0.000000,
        "100" : 0.000000,
        "250" : 0.000000,
        "500" : 0.000000,
        "750" : 0.000000,
        "1000" : 0.000000
      },
      "latency_us" : {
        "2" : 0.000000,
        "4" : 0.000000,
        "10" : 0.000000,
        "20" : 0.000000,
        "50" : 56.030273,
        "100" : 42.578125,
        "250" : 1.391602,
        "500" : 0.000000,
        "750" : 0.000000,
        "1000" : 0.000000
      },
      "latency_ms" : {
        "2" : 0.000000,
        "4" : 0.000000,
        "10" : 0.000000,
        "20" : 0.000000,
        "50" : 0.000000,
        "100" : 0.000000,
        "250" : 0.000000,
        "500" : 0.000000,
        "750" : 0.000000,
        "1000" : 0.000000,
        "2000" : 0.000000,
        ">=2000" : 0.000000
      },
      "latency_depth" : 32,
      "latency_target" : 0,
      "latency_target_ns" : 0,
      "latency_percentile" : 100.000000,
      "latency_window" : 0,
      "latency_window_us" : 0
    }
  ],
  "disk_util" : [
    {
      "name" : "ramblk0",
      "read_ios" : 0,
      "write_ios" : 0,
      "read_sectors" : 0,
      "write_sectors" : 0,
      "read_merges" : 0,
      "write_merges" : 0,
      "read_ticks" : 0,
      "write_ticks" : 0,
      "in_queue" : 0,
      "util" : 0.000000
    }
  ]
}
